{"cameraMode":{"drawMode":0,"name":"Shaded","section":"Shading Mode"},"sceneLighting":false,"audioPlay":false,"sceneViewState":{"m_AlwaysRefresh":false,"showFog":true,"showSkybox":true,"showFlares":true,"showImageEffects":true,"showParticleSystems":true,"showVisualEffectGraphs":true,"m_FxEnabled":true},"in2DMode":false,"pivot":{"x":-0.1466846466064453,"y":-2.1121370792388918,"z":-3.6807148456573488},"rotation":{"x":0.0934230238199234,"y":-0.13990633189678193,"z":0.013260627165436745,"w":0.9856590628623962},"size":3.9356839656829836,"orthographic":false}